V1,V2,V3,V4,V5,V6,V7,V8,V9,V10,V11,V12,V13,V14,Class
4329.23,4009.23,4289.23,4148.21,4350.26,4586.15,4096.92,4641.03,4222.05,4238.46,4211.28,4280.51,4635.9,4393.85,1
4324.62,4004.62,4293.85,4148.72,4342.05,4586.67,4097.44,4638.97,4210.77,4226.67,4207.69,4279.49,4632.82,4384.1,1
4327.69,4006.67,4295.38,4156.41,4336.92,4583.59,4096.92,4630.26,4207.69,4222.05,4206.67,4282.05,4628.72,4389.23,1
4328.72,4011.79,4296.41,4155.9,4343.59,4582.56,4097.44,4630.77,4217.44,4235.38,4210.77,4287.69,4632.31,4396.41,1
4326.15,4011.79,4292.31,4151.28,4347.69,4586.67,4095.9,4627.69,4210.77,4244.1,4212.82,4288.21,4632.82,4398.46,1
4321.03,4004.62,4284.1,4153.33,4345.64,4587.18,4093.33,4616.92,4202.56,4232.82,4209.74,4281.03,4628.21,4389.74,1
4319.49,4001.03,4280.51,4151.79,4343.59,4584.62,4089.74,4615.9,4212.31,4226.67,4201.03,4269.74,4625.13,4378.46,1
4325.64,4006.67,4278.46,4143.08,4344.1,4583.08,4087.18,4614.87,4205.64,4230.26,4195.9,4266.67,4622.05,4380.51,1
4326.15,4010.77,4276.41,4139.49,4345.13,4584.1,4091.28,4608.21,4187.69,4229.74,4202.05,4273.85,4627.18,4389.74,1
4326.15,4011.28,4276.92,4142.05,4344.1,4582.56,4092.82,4608.72,4194.36,4228.72,4212.82,4277.95,4637.44,4393.33,1
4326.15,4010.77,4272.82,4143.08,4342.56,4579.49,4087.69,4615.9,4206.15,4228.72,4210.77,4272.82,4631.79,4382.56,1
4316.92,4002.56,4259.49,4135.9,4339.49,4581.54,4086.15,4615.38,4195.9,4223.59,4197.44,4262.05,4613.33,4370.77,1
4308.21,3993.33,4247.69,4124.62,4335.9,4584.62,4089.74,4610.26,4188.72,4221.54,4190.26,4255.9,4606.15,4369.74,1
4308.21,3998.46,4251.79,4122.56,4338.46,4584.62,4091.28,4616.92,4205.64,4225.64,4194.36,4263.59,4610.26,4371.28,1
4312.82,4006.15,4260.51,4127.69,4341.03,4586.15,4089.74,4628.72,4215.9,4225.13,4198.97,4274.36,4611.79,4375.9,1
4313.85,4003.59,4255.9,4127.69,4337.95,4586.15,4091.28,4627.69,4206.15,4224.62,4199.49,4269.23,4610.26,4378.97,1
4306.67,3997.95,4247.18,4122.56,4336.92,4584.1,4094.36,4620.51,4202.56,4226.15,4193.85,4254.36,4606.15,4369.74,1
4303.59,3996.41,4249.23,4122.05,4341.03,4584.1,4090.77,4616.41,4203.59,4226.15,4189.23,4253.85,4606.15,4370.26,1
4312.31,4000.0,4255.9,4124.1,4342.05,4586.67,4085.64,4610.77,4192.31,4223.08,4192.31,4264.62,4614.87,4382.05,1
4315.9,4003.59,4257.44,4122.56,4341.54,4588.21,4088.21,4607.18,4188.21,4216.92,4200.0,4270.26,4621.54,4378.97,1
4314.36,4005.64,4259.49,4123.59,4345.13,4588.21,4092.31,4612.82,4206.67,4222.56,4209.74,4272.31,4624.62,4381.54,1
4324.62,4012.82,4263.08,4132.31,4343.08,4587.18,4091.79,4617.95,4213.33,4240.51,4217.95,4274.36,4632.31,4400.51,1
4331.28,4024.1,4266.15,4140.0,4336.41,4585.64,4089.74,4617.95,4204.62,4245.13,4216.41,4274.36,4638.97,4401.54,1
4326.67,4020.0,4264.1,4137.44,4334.36,4586.15,4088.21,4621.54,4213.33,4238.46,4208.72,4271.28,4634.36,4385.13,1
4321.54,4007.69,4260.0,4132.31,4340.0,4585.64,4087.18,4630.26,4230.26,4242.56,4208.72,4270.26,4627.69,4378.97,1
4317.44,4007.69,4257.44,4128.72,4343.59,4585.13,4088.21,4638.97,4231.79,4247.69,4209.23,4269.74,4625.13,4386.15,1
4311.79,4007.18,4250.77,4125.13,4336.41,4587.18,4087.69,4634.36,4209.23,4232.31,4197.44,4262.05,4615.38,4381.03,1
4308.72,4000.0,4245.13,4121.54,4329.23,4585.64,4086.67,4617.44,4189.23,4216.41,4186.15,4253.85,4604.1,4362.05,1
4308.21,4002.05,4252.82,4122.56,4332.82,4582.56,4087.69,4610.77,4192.82,4216.41,4189.74,4256.92,4605.13,4360.0,1
4311.28,4011.28,4265.13,4130.26,4339.49,4583.59,4089.74,4616.41,4200.0,4220.51,4195.9,4265.64,4611.28,4374.36,1
4311.28,4008.72,4265.13,4130.77,4337.44,4585.64,4087.69,4614.87,4190.26,4218.46,4195.38,4265.64,4608.72,4374.36,1
4306.15,4000.51,4259.49,4121.03,4330.26,4584.1,4085.64,4607.18,4185.13,4216.92,4200.0,4263.08,4611.28,4369.23,1
4307.18,4003.08,4263.08,4121.54,4330.77,4582.56,4086.67,4611.79,4202.05,4224.62,4208.72,4271.28,4622.56,4379.49,1
4314.87,4008.21,4268.21,4128.21,4335.38,4584.1,4092.31,4625.64,4212.82,4231.28,4210.77,4275.9,4624.62,4382.56,1
4313.85,4003.08,4263.59,4124.1,4336.41,4586.67,4100.51,4633.33,4215.38,4232.82,4207.18,4270.77,4618.97,4372.31,1
4308.21,3997.44,4254.36,4119.49,4332.82,4588.72,4097.95,4628.21,4217.44,4235.38,4208.21,4268.72,4621.54,4368.21,1
4308.72,4006.15,4253.33,4121.03,4330.26,4585.64,4082.05,4614.87,4202.56,4236.41,4208.72,4271.28,4628.21,4370.26,1
4306.15,4007.69,4253.33,4121.03,4330.26,4579.49,4077.44,4607.69,4186.67,4224.62,4198.97,4267.18,4622.56,4367.18,1
4297.44,3992.82,4249.74,4118.46,4330.77,4581.03,4085.64,4609.23,4189.23,4208.72,4187.18,4258.97,4606.15,4363.59,1
4301.03,3994.36,4252.82,4119.49,4332.82,4583.08,4087.69,4611.79,4195.9,4210.26,4188.21,4260.51,4601.03,4366.67,1
4313.85,4010.77,4260.0,4124.62,4337.44,4580.51,4088.72,4618.46,4203.59,4223.59,4198.97,4267.69,4613.33,4370.77,1
4317.44,4010.77,4258.46,4126.15,4339.49,4584.1,4094.36,4625.64,4208.21,4229.74,4201.54,4271.28,4619.49,4376.41,1
4305.64,3998.46,4251.79,4121.54,4331.79,4584.62,4094.87,4620.0,4200.0,4222.05,4196.92,4268.72,4610.77,4370.26,1
4296.92,3995.38,4249.23,4120.51,4324.62,4577.95,4088.21,4615.9,4203.08,4213.33,4197.95,4262.56,4606.15,4357.44,1
4298.97,4001.03,4247.69,4123.08,4332.82,4580.0,4087.18,4624.62,4220.51,4224.1,4205.64,4265.13,4615.38,4363.08,1
4302.56,4006.67,4249.74,4120.51,4342.05,4589.23,4094.87,4627.69,4216.41,4241.54,4217.95,4274.87,4627.69,4375.9,1
4308.72,4006.15,4256.41,4118.46,4333.85,4587.69,4097.95,4621.54,4206.67,4243.59,4223.08,4276.41,4633.33,4376.92,1
4315.38,4000.51,4262.56,4120.51,4329.23,4583.59,4092.82,4621.54,4210.26,4240.0,4218.97,4277.44,4633.85,4381.03,1
4317.95,4004.62,4268.72,4123.59,4337.95,4585.13,4087.18,4622.05,4207.18,4242.05,4217.44,4285.64,4634.87,4388.21,1
4316.41,4013.85,4267.69,4124.62,4342.56,4589.74,4089.23,4616.41,4200.51,4232.82,4213.33,4281.03,4630.26,4375.9,1
4305.13,4008.72,4259.49,4120.0,4341.03,4595.9,4092.82,4612.31,4199.49,4219.49,4198.46,4261.03,4611.79,4357.95,1
4293.33,3994.87,4254.36,4116.41,4337.44,4596.41,4092.31,4609.74,4193.33,4211.79,4186.67,4252.82,4597.95,4347.69,1
4297.44,3994.36,4258.46,4118.97,4336.92,4594.36,4096.92,4614.36,4193.33,4209.74,4192.31,4260.51,4602.05,4350.77,1
4308.21,4007.18,4268.21,4126.15,4344.62,4595.38,4102.05,4622.56,4205.13,4221.54,4205.13,4271.79,4614.36,4374.87,1
4315.9,4021.03,4277.95,4134.36,4346.15,4591.28,4095.9,4620.0,4208.72,4235.38,4212.31,4280.51,4625.64,4391.79,1
4329.23,4026.15,4281.03,4141.03,4336.92,4585.64,4085.64,4613.33,4203.59,4233.85,4213.33,4281.54,4630.77,4387.18,1
4335.9,4024.62,4281.03,4144.1,4336.41,4591.28,4088.72,4616.41,4202.05,4233.33,4211.79,4274.87,4631.28,4385.64,1
4324.62,4018.97,4276.41,4135.9,4341.54,4600.51,4099.49,4626.15,4211.28,4242.05,4216.41,4276.92,4632.82,4388.72,1
4314.87,4011.28,4268.72,4122.56,4334.36,4602.05,4100.51,4632.31,4222.56,4243.08,4221.03,4283.59,4630.26,4381.03,1
4312.82,4005.64,4266.15,4124.62,4333.33,4601.03,4100.51,4632.31,4218.46,4240.0,4216.41,4278.46,4622.05,4374.87,1
4312.31,4009.23,4270.26,4134.36,4344.1,4600.51,4099.49,4629.23,4209.23,4240.51,4213.33,4276.41,4621.54,4380.0,1
4312.82,4010.26,4268.72,4129.74,4344.62,4602.05,4095.9,4629.74,4214.36,4236.41,4214.87,4282.05,4624.1,4375.9,1
4308.21,4003.59,4264.62,4121.54,4333.85,4601.03,4094.87,4631.79,4215.38,4228.72,4208.21,4278.97,4612.82,4363.08,1
4299.49,4002.56,4265.64,4123.08,4332.31,4592.31,4088.21,4619.49,4193.33,4221.03,4197.95,4268.72,4602.56,4358.46,1
4296.41,4004.1,4263.59,4122.05,4342.05,4590.77,4082.05,4606.15,4176.92,4211.28,4194.36,4267.18,4602.05,4360.51,1
4303.59,4003.59,4261.03,4126.15,4346.67,4598.97,4087.69,4612.82,4192.82,4208.72,4198.46,4274.36,4601.03,4358.46,1
4313.33,4008.21,4268.72,4136.92,4342.56,4595.38,4091.28,4623.08,4207.69,4222.05,4206.15,4283.08,4607.69,4362.56,1
4316.41,4014.36,4278.97,4139.49,4337.95,4583.59,4085.64,4614.87,4198.46,4234.87,4212.31,4285.64,4620.0,4378.46,1
4320.0,4017.44,4284.1,4137.95,4337.44,4586.15,4086.67,4612.31,4198.97,4242.56,4217.95,4284.62,4626.67,4389.74,1
4328.21,4021.03,4283.08,4141.03,4332.82,4599.49,4100.0,4630.26,4217.95,4248.21,4226.67,4291.79,4632.82,4388.72,1
4325.13,4019.49,4281.54,4136.41,4327.69,4606.15,4109.74,4638.46,4218.97,4242.56,4228.21,4300.0,4636.41,4383.59,1
4312.82,4010.26,4282.05,4129.74,4331.28,4606.67,4108.72,4628.72,4212.31,4233.85,4221.54,4300.0,4629.74,4380.0,1
4309.74,4005.64,4278.46,4133.33,4335.38,4606.15,4105.13,4628.21,4216.92,4237.44,4214.87,4291.28,4620.51,4372.82,1
4307.18,4005.13,4269.23,4130.26,4334.36,4607.18,4103.08,4629.23,4211.28,4233.85,4205.64,4278.46,4612.31,4360.0,1
4300.0,4000.51,4260.0,4121.54,4333.85,4602.05,4095.38,4612.82,4189.23,4222.05,4196.92,4269.74,4606.15,4349.74,1
4299.49,3996.92,4253.85,4125.64,4337.95,4590.26,4086.15,4598.46,4179.49,4225.64,4195.38,4266.15,4607.18,4352.82,1
4292.82,4000.0,4249.74,4130.26,4340.51,4588.21,4082.56,4596.92,4183.08,4230.26,4195.9,4263.08,4609.23,4356.41,1
4281.54,4001.54,4245.64,4120.0,4334.87,4595.9,4080.51,4592.82,4178.46,4214.87,4191.79,4257.95,4605.64,4347.69,1
4288.21,4000.0,4244.62,4118.97,4334.36,4600.51,4081.03,4597.95,4183.08,4204.62,4188.21,4260.51,4603.08,4345.64,1
4301.54,4005.64,4251.28,4134.87,4345.13,4606.15,4088.21,4617.95,4207.18,4216.92,4192.31,4269.74,4603.59,4353.85,1
4299.49,4013.85,4260.0,4140.51,4349.74,4612.82,4091.79,4625.64,4214.87,4231.79,4196.92,4271.28,4603.59,4355.9,1
4295.38,4015.38,4262.56,4137.44,4347.18,4614.87,4090.26,4620.0,4210.77,4233.85,4196.92,4268.21,4605.64,4358.97,1
4307.18,4016.41,4267.69,4138.46,4348.72,4615.9,4093.85,4625.13,4220.0,4233.85,4200.51,4275.38,4614.36,4365.13,1
4318.97,4021.54,4277.44,4141.54,4348.72,4612.31,4099.49,4632.82,4224.1,4244.1,4214.36,4288.72,4629.74,4371.28,1
4317.44,4021.54,4281.54,4140.51,4347.69,4606.67,4095.38,4625.13,4206.67,4252.82,4222.56,4294.36,4640.0,4381.03,1
4313.33,4011.28,4278.46,4136.41,4345.13,4608.72,4090.26,4611.79,4190.26,4241.54,4214.87,4289.74,4632.82,4380.0,1
4314.87,4002.56,4271.79,4134.36,4335.38,4609.74,4093.85,4607.18,4189.74,4222.05,4205.13,4282.56,4622.05,4367.18,1
4314.36,4009.23,4271.28,4137.44,4334.87,4604.62,4097.95,4613.85,4201.54,4224.62,4206.67,4283.59,4626.67,4370.26,1
4312.31,4018.46,4277.44,4142.05,4346.15,4606.15,4096.92,4622.05,4213.85,4240.0,4217.44,4288.72,4636.41,4380.0,1
4311.79,4013.33,4279.49,4138.97,4346.15,4608.21,4094.87,4623.59,4213.85,4243.59,4221.54,4290.77,4635.38,4373.33,1
4306.15,4002.56,4277.44,4135.38,4339.49,4602.05,4094.36,4625.13,4208.72,4237.44,4216.41,4288.72,4628.21,4366.15,1
4301.54,4001.03,4274.36,4135.38,4341.03,4600.0,4088.72,4628.72,4210.77,4236.41,4209.74,4284.1,4623.08,4369.23,1
4308.72,4009.74,4268.72,4136.92,4343.59,4608.21,4083.08,4625.64,4213.33,4241.54,4210.26,4282.05,4624.62,4366.67,1
4315.38,4021.54,4267.18,4140.51,4347.18,4613.33,4089.23,4621.03,4209.74,4238.46,4213.85,4282.05,4625.13,4359.49,1
4306.67,4016.92,4268.72,4142.05,4350.77,4609.23,4097.44,4620.51,4203.59,4226.67,4206.15,4277.44,4616.41,4351.79,1
4296.41,4003.59,4262.56,4136.92,4340.51,4605.13,4096.41,4619.49,4197.44,4214.36,4193.33,4270.77,4607.18,4347.18,1
4298.97,4006.15,4265.64,4131.79,4329.23,4604.62,4088.72,4612.82,4194.87,4211.79,4196.92,4276.41,4613.85,4358.97,1
4314.87,4018.97,4283.08,4142.05,4337.95,4600.0,4084.1,4608.72,4201.54,4226.67,4215.38,4293.33,4629.74,4377.95,1
4323.08,4019.49,4289.74,4151.79,4345.13,4596.92,4083.08,4613.85,4211.28,4244.62,4224.1,4300.51,4635.9,4378.97,1
4309.74,4008.21,4281.03,4141.03,4334.36,4602.05,4084.62,4618.97,4212.82,4242.05,4213.33,4289.74,4625.64,4363.59,1
4296.41,4000.51,4274.87,4131.79,4331.79,4603.08,4086.67,4622.05,4209.23,4228.72,4204.1,4280.0,4614.36,4356.41,1
4305.64,4003.08,4278.97,4140.0,4346.15,4600.0,4086.15,4623.59,4207.18,4231.28,4207.18,4284.1,4617.95,4358.46,1
4318.46,4005.13,4281.54,4143.08,4348.21,4605.64,4089.23,4624.1,4207.18,4231.28,4211.79,4288.72,4623.08,4362.05,1
4313.33,4001.54,4277.95,4136.92,4338.46,4609.74,4091.79,4631.28,4214.36,4227.18,4211.79,4288.72,4624.62,4370.77,1
4305.13,4004.1,4278.97,4137.44,4340.0,4602.56,4087.69,4635.9,4220.0,4235.38,4218.46,4291.79,4630.77,4377.95,1
4306.67,4008.21,4276.92,4142.05,4343.08,4602.05,4084.1,4631.79,4218.97,4237.44,4225.13,4293.33,4631.79,4371.79,1
4309.23,4004.62,4264.62,4136.92,4338.97,4608.72,4085.13,4629.23,4215.9,4230.26,4217.95,4286.67,4622.56,4361.03,1
4308.21,4002.05,4260.0,4130.26,4345.13,4607.69,4082.05,4626.15,4208.21,4231.28,4210.77,4278.46,4617.44,4362.56,1
4304.62,4001.54,4260.0,4127.69,4356.92,4604.62,4080.51,4616.92,4198.97,4232.31,4211.79,4275.38,4622.05,4362.05,1
4301.03,4002.05,4250.26,4123.08,4350.77,4606.67,4085.13,4614.87,4196.41,4223.59,4210.26,4271.79,4621.54,4357.44,1
4303.59,4005.64,4250.26,4124.62,4343.08,4607.18,4082.56,4620.51,4197.95,4223.59,4208.21,4272.82,4616.41,4359.49,1
4305.64,4007.69,4261.54,4134.36,4352.82,4606.15,4078.46,4624.1,4200.51,4231.79,4212.82,4282.56,4615.9,4360.51,1
4300.51,4003.08,4258.46,4131.28,4352.31,4606.15,4076.41,4624.1,4206.15,4233.33,4212.31,4283.59,4614.36,4352.31,1
4295.38,3997.44,4245.13,4118.97,4335.38,4602.56,4075.38,4620.0,4204.1,4225.64,4203.59,4270.77,4609.23,4345.64,1
4298.46,3998.46,4244.1,4120.0,4333.85,4600.0,4076.41,4612.31,4193.33,4220.0,4202.56,4265.13,4607.69,4352.31,1
4304.62,4004.1,4253.33,4125.13,4345.64,4601.54,4080.51,4610.77,4192.31,4224.1,4208.72,4273.33,4611.28,4361.54,1
4305.64,4002.05,4260.51,4120.51,4343.59,4603.59,4085.13,4618.46,4195.38,4219.49,4209.74,4279.49,4611.79,4360.51,1
4301.54,3998.97,4262.56,4118.97,4337.44,4603.59,4082.05,4619.49,4195.38,4218.97,4211.28,4284.1,4614.87,4355.9,1
4300.0,4005.13,4262.05,4122.56,4341.03,4599.49,4078.46,4614.36,4202.05,4235.38,4218.46,4289.23,4625.13,4362.05,1
4304.62,4009.74,4263.59,4124.62,4349.23,4599.49,4084.62,4620.0,4209.74,4243.08,4223.08,4288.72,4628.21,4369.23,1
4312.31,4005.13,4268.72,4123.59,4349.74,4606.67,4093.33,4629.23,4208.21,4236.41,4223.59,4290.77,4627.18,4368.72,1
4315.38,4003.08,4272.31,4123.08,4345.13,4611.79,4092.82,4629.74,4213.85,4242.05,4225.13,4295.9,4632.82,4372.31,1
4309.74,4005.13,4269.23,4121.54,4344.62,4607.18,4088.72,4628.72,4221.03,4245.13,4224.1,4291.79,4632.31,4375.38,1
4300.0,4002.05,4261.03,4117.95,4345.64,4601.03,4087.18,4624.62,4209.23,4231.79,4215.9,4283.08,4623.08,4367.69,1
4300.0,4001.54,4262.05,4121.03,4342.56,4600.51,4085.13,4618.97,4200.51,4228.72,4209.23,4284.1,4616.92,4357.95,1
4305.64,4007.18,4265.64,4126.15,4341.54,4603.08,4088.21,4620.0,4202.05,4231.79,4211.28,4286.15,4615.9,4356.41,1
4297.95,4004.1,4255.38,4117.95,4337.95,4602.05,4089.74,4620.51,4197.95,4220.51,4209.74,4278.97,4610.26,4354.36,1
4287.18,3992.31,4245.13,4105.64,4328.72,4600.51,4087.18,4618.97,4201.03,4214.87,4203.59,4272.31,4605.13,4353.33,1
4288.21,3993.85,4246.67,4110.77,4332.82,4604.1,4086.67,4625.64,4212.31,4228.72,4206.67,4277.44,4609.23,4358.97,1
4295.38,4007.18,4250.26,4117.95,4345.13,4606.15,4085.13,4627.18,4208.21,4237.44,4215.9,4284.62,4618.46,4365.13,1
4302.56,4009.23,4252.31,4116.92,4342.05,4601.54,4078.97,4618.97,4198.46,4230.77,4213.85,4284.62,4617.95,4364.1,1
4304.1,4002.56,4261.03,4120.51,4334.36,4597.95,4074.87,4618.46,4202.56,4225.64,4210.77,4284.62,4611.28,4360.51,1
4302.56,4003.59,4265.64,4118.46,4342.05,4601.54,4079.49,4623.59,4207.69,4224.62,4215.9,4288.72,4614.87,4364.1,1
4303.59,4007.69,4256.92,4110.26,4343.08,4604.62,4084.62,4622.05,4206.67,4228.72,4219.49,4289.23,4623.08,4367.18,1
4299.49,4005.13,4250.77,4114.36,4330.26,4601.03,4084.1,4614.36,4199.49,4231.28,4213.33,4288.21,4618.97,4360.51,1
4288.21,3996.92,4249.74,4120.0,4328.72,4597.44,4077.95,4607.18,4191.79,4226.15,4204.1,4283.59,4606.15,4349.23,1
4286.15,3991.79,4242.56,4110.26,4333.33,4596.41,4073.33,4605.64,4192.82,4217.44,4200.51,4274.36,4601.54,4347.18,1
4291.79,3991.28,4232.31,4102.05,4330.26,4597.95,4078.46,4613.33,4201.54,4220.0,4204.1,4272.82,4609.23,4355.9,1
4289.23,3991.28,4230.77,4104.62,4326.67,4600.0,4087.69,4629.74,4212.82,4230.26,4209.23,4276.41,4615.38,4353.85,1
4286.67,3989.74,4230.77,4101.03,4327.18,4602.05,4091.28,4640.0,4218.46,4236.41,4209.74,4273.33,4610.77,4344.1,1
4293.85,3994.87,4229.23,4102.05,4328.72,4598.46,4083.59,4629.23,4212.31,4235.38,4206.15,4273.85,4607.69,4348.72,1
4297.95,4001.54,4235.9,4115.38,4332.31,4592.82,4073.33,4611.28,4196.92,4228.72,4206.15,4279.49,4611.28,4357.44,1
4292.82,3996.41,4241.03,4116.92,4332.82,4590.77,4069.74,4607.69,4189.23,4223.59,4209.23,4277.95,4610.26,4354.36,1
4289.74,3992.82,4235.38,4107.69,4328.21,4593.33,4069.23,4610.77,4191.28,4215.38,4204.1,4271.79,4603.08,4348.21,1
4295.9,4001.54,4232.82,4106.15,4329.23,4592.82,4065.64,4609.23,4192.82,4211.28,4196.41,4278.46,4604.1,4352.31,1
4303.08,4007.69,4235.9,4112.31,4330.77,4589.74,4065.13,4611.28,4193.33,4217.95,4203.08,4286.15,4608.21,4357.44,1
4301.54,4003.08,4236.41,4110.77,4327.69,4592.82,4076.92,4618.97,4195.38,4217.95,4207.18,4279.49,4602.56,4355.38,1
4295.9,4000.0,4231.79,4106.15,4325.13,4599.49,4081.03,4620.0,4196.92,4214.36,4202.05,4274.36,4598.97,4351.79,1
4300.51,4007.69,4232.82,4109.74,4326.67,4598.97,4072.31,4611.79,4195.9,4221.03,4203.59,4278.97,4606.67,4358.97,1
4318.46,4020.0,4240.51,4116.41,4330.26,4598.97,4072.31,4610.77,4199.49,4226.67,4207.69,4282.56,4606.15,4372.82,1
4335.9,4029.23,4245.13,4120.0,4330.26,4602.05,4077.95,4618.97,4207.69,4221.54,4205.64,4283.08,4603.59,4383.59,1
4351.79,4044.62,4250.77,4130.26,4332.82,4594.36,4070.26,4615.9,4201.54,4218.97,4208.21,4286.15,4616.92,4395.38,1
4375.38,4072.82,4263.08,4150.26,4337.95,4582.56,4056.92,4599.49,4185.13,4219.49,4214.87,4290.26,4628.21,4412.31,1
4401.54,4090.26,4267.18,4156.41,4336.92,4586.15,4053.33,4598.97,4188.72,4217.95,4217.44,4291.79,4630.77,4428.72,1
4412.31,4094.36,4262.56,4149.23,4332.31,4591.79,4057.44,4611.28,4195.9,4215.9,4220.0,4292.82,4638.46,4437.44,1
4416.92,4106.67,4261.03,4153.33,4334.87,4589.23,4062.56,4604.62,4180.0,4207.18,4219.49,4292.82,4643.08,4442.05,1
4430.26,4123.08,4268.21,4156.92,4336.92,4592.31,4069.74,4592.82,4172.82,4203.08,4217.95,4298.97,4642.05,4452.31,1
4447.18,4124.62,4277.44,4154.36,4331.28,4597.44,4073.33,4597.95,4183.08,4209.23,4220.51,4307.18,4649.23,4467.69,1
4454.36,4124.1,4280.51,4160.0,4328.72,4590.26,4067.18,4600.0,4181.03,4209.74,4225.64,4309.74,4659.49,4477.95,1
4458.46,4138.97,4282.05,4168.72,4330.77,4583.59,4062.56,4597.95,4182.05,4208.72,4232.31,4312.82,4668.21,4481.03,1
4472.31,4154.87,4291.79,4174.87,4336.92,4587.69,4070.26,4611.28,4202.05,4225.13,4245.13,4322.05,4681.54,4491.79,1
4480.0,4156.92,4297.44,4182.56,4341.03,4589.74,4073.85,4623.08,4209.74,4240.0,4258.97,4329.74,4695.9,4502.05,1
4474.87,4152.82,4291.79,4185.64,4340.0,4587.18,4068.72,4618.97,4204.1,4235.9,4259.49,4330.26,4700.51,4501.03,1
4477.44,4155.38,4294.36,4184.62,4341.03,4587.18,4070.26,4613.33,4198.46,4229.74,4254.87,4331.79,4697.44,4500.0,1
4484.62,4155.9,4298.46,4182.05,4341.54,4589.74,4076.41,4603.59,4186.67,4230.26,4257.44,4335.38,4700.51,4505.13,1
4483.59,4150.77,4294.36,4176.92,4342.56,4593.33,4073.85,4593.33,4183.08,4232.82,4264.62,4335.9,4714.87,4514.36,1
4487.69,4153.33,4298.97,4178.97,4348.72,4599.49,4069.74,4591.28,4185.13,4234.87,4268.72,4337.95,4728.21,4521.54,1
4490.77,4153.85,4309.74,4182.05,4347.69,4600.0,4071.28,4589.23,4176.41,4233.33,4269.23,4340.0,4729.23,4518.97,1
4481.54,4140.51,4309.74,4174.87,4336.41,4590.77,4070.77,4584.62,4173.33,4230.77,4273.33,4341.54,4731.28,4520.51,1
4482.56,4132.31,4308.21,4168.72,4330.77,4583.59,4068.72,4588.72,4185.13,4237.95,4282.05,4349.23,4744.62,4535.38,1
4487.69,4133.33,4311.28,4168.21,4335.38,4586.15,4073.85,4596.92,4192.82,4247.18,4287.18,4353.33,4753.85,4535.9,1
4481.54,4129.74,4308.72,4168.72,4335.9,4587.18,4077.44,4594.87,4186.15,4243.08,4283.08,4347.18,4748.72,4524.62,1
4477.95,4117.95,4306.15,4165.13,4327.69,4582.05,4074.36,4593.33,4183.08,4230.77,4276.41,4343.08,4746.15,4527.18,1
4475.9,4106.15,4304.1,4156.41,4325.64,4584.62,4070.77,4595.38,4182.56,4221.54,4269.74,4341.54,4746.15,4528.72,1
4471.28,4104.1,4303.59,4151.79,4332.82,4591.28,4068.21,4587.69,4176.92,4224.62,4273.33,4341.03,4751.28,4534.36,1
4484.1,4109.74,4308.21,4157.44,4336.41,4584.62,4066.67,4581.03,4181.54,4243.08,4296.41,4351.28,4781.54,4560.0,1
4493.85,4103.59,4314.36,4158.97,4330.26,4576.41,4070.26,4591.28,4199.49,4262.56,4313.85,4364.1,4806.15,4573.33,1
4479.49,4085.64,4310.77,4153.85,4324.62,4580.51,4076.92,4601.54,4204.1,4263.08,4306.67,4361.03,4793.85,4554.36,1
4463.59,4072.82,4300.51,4147.18,4324.62,4587.18,4077.95,4598.46,4197.44,4251.79,4297.44,4351.79,4780.0,4545.64,1
4461.03,4063.08,4297.95,4142.05,4324.62,4587.18,4075.9,4605.13,4209.23,4253.33,4302.56,4355.9,4786.15,4555.9,1
4457.44,4050.77,4299.49,4134.36,4323.08,4585.64,4072.82,4618.97,4217.95,4258.46,4299.49,4358.97,4781.54,4548.21,1
4450.77,4045.13,4289.74,4124.1,4319.49,4586.15,4067.69,4614.87,4206.15,4255.9,4290.77,4348.21,4774.87,4537.44,1
4448.72,4042.56,4275.38,4125.64,4320.0,4586.15,4066.15,4608.72,4202.05,4253.33,4294.87,4339.49,4785.64,4542.05,1
4454.87,4039.49,4281.03,4134.36,4326.67,4587.18,4069.23,4613.85,4204.1,4257.95,4305.64,4345.64,4796.92,4551.79,1
4465.13,4041.54,4298.46,4138.46,4331.79,4591.79,4070.77,4612.82,4203.59,4270.26,4318.97,4358.46,4814.36,4566.15,1
4468.21,4044.62,4305.13,4138.46,4332.82,4593.33,4070.26,4605.13,4210.77,4279.49,4331.28,4367.69,4833.85,4571.79,1
4461.03,4041.03,4300.0,4137.95,4332.31,4592.31,4073.85,4607.18,4222.05,4274.36,4325.64,4365.13,4826.67,4558.46,1
4452.82,4032.31,4295.38,4130.26,4330.26,4592.31,4078.46,4620.0,4227.18,4268.72,4312.31,4353.33,4808.21,4549.23,1
4445.13,4017.95,4292.82,4121.54,4325.13,4591.79,4077.44,4628.72,4229.23,4273.33,4316.92,4350.77,4810.26,4552.82,2
4438.46,4005.64,4287.69,4120.51,4321.03,4589.74,4070.77,4628.21,4224.1,4272.82,4319.49,4356.41,4811.28,4546.67,2
4432.31,3998.46,4281.54,4115.38,4314.87,4583.59,4063.59,4621.03,4204.1,4255.38,4304.1,4351.28,4795.9,4533.85,2
4427.18,3990.26,4281.03,4107.18,4310.77,4574.87,4061.03,4608.21,4188.21,4238.97,4297.44,4343.08,4783.59,4530.77,2
4426.67,3987.69,4285.13,4108.21,4314.36,4575.9,4063.59,4594.87,4181.54,4235.38,4301.54,4345.13,4784.1,4533.33,2
4427.69,3988.21,4284.62,4114.36,4316.41,4581.54,4069.74,4588.72,4180.51,4240.51,4303.08,4348.21,4793.85,4533.33,2
4419.49,3983.08,4280.51,4111.79,4313.85,4581.03,4072.82,4595.9,4196.92,4250.77,4307.18,4347.69,4799.49,4528.72,2
4412.82,3982.05,4278.97,4108.21,4314.87,4578.97,4073.33,4617.95,4228.72,4263.59,4312.31,4346.15,4796.92,4526.15,2
4411.28,3977.44,4279.49,4109.74,4317.95,4584.62,4078.46,4637.95,4242.56,4271.28,4310.77,4343.08,4798.97,4522.05,2
4403.59,3964.62,4278.97,4106.67,4322.56,4594.36,4085.13,4637.95,4235.38,4274.87,4308.21,4338.97,4801.54,4512.82,2
4395.9,3965.13,4274.36,4106.67,4327.18,4601.03,4086.15,4634.87,4236.92,4278.97,4307.69,4340.51,4791.79,4504.1,2
4393.33,3973.85,4267.18,4111.79,4327.18,4602.56,4080.51,4637.44,4241.03,4276.41,4305.13,4341.54,4786.15,4500.0,2
4388.72,3968.72,4261.54,4107.18,4322.56,4598.97,4074.87,4629.74,4228.72,4269.74,4304.1,4338.97,4791.79,4502.56,2
4379.49,3953.33,4264.1,4094.36,4318.97,4593.33,4072.82,4617.44,4217.95,4268.72,4303.08,4335.38,4788.21,4496.92,2
4371.79,3944.62,4262.05,4089.23,4316.41,4588.21,4072.31,4618.46,4223.59,4266.15,4297.44,4330.26,4778.46,4480.51,2
4366.15,3940.51,4251.79,4086.67,4311.28,4587.69,4075.9,4625.13,4228.21,4262.05,4293.85,4326.67,4774.36,4477.44,2
4362.56,3934.87,4250.26,4080.0,4310.26,4591.28,4081.54,4631.28,4230.26,4262.56,4295.9,4329.23,4768.72,4484.1,2
4363.08,3934.87,4261.03,4078.46,4319.49,4593.33,4084.62,4635.9,4235.38,4266.15,4300.0,4337.95,4766.67,4483.59,2
4366.67,3941.54,4263.08,4083.08,4326.67,4591.79,4081.03,4635.9,4235.9,4269.23,4301.54,4340.0,4773.33,4478.46,2
4361.54,3934.87,4250.26,4080.51,4321.54,4588.72,4082.05,4633.85,4225.64,4263.59,4292.82,4329.23,4769.74,4467.69,2
4348.21,3919.49,4244.62,4066.67,4317.95,4587.18,4090.26,4631.28,4221.03,4255.9,4286.15,4323.59,4755.9,4460.51,2
4347.69,3922.05,4249.74,4064.62,4322.56,4587.69,4090.77,4627.69,4227.69,4266.67,4293.85,4331.79,4759.49,4472.82,2
4354.87,3929.23,4250.77,4073.85,4325.13,4586.67,4086.15,4625.64,4227.69,4277.44,4303.59,4335.9,4766.67,4477.95,2
4350.26,3925.64,4247.18,4072.82,4325.64,4591.79,4086.67,4630.77,4231.79,4275.38,4304.1,4331.79,4763.59,4466.67,2
4348.72,3926.15,4252.82,4066.67,4325.64,4598.46,4090.26,4642.56,4248.21,4284.62,4306.67,4337.95,4769.74,4471.79,2
4357.44,3930.77,4261.03,4069.74,4321.03,4598.97,4093.85,4653.85,4256.92,4294.87,4311.79,4345.64,4775.38,4479.49,2
4354.87,3930.77,4258.46,4069.23,4318.46,4600.51,4097.44,4658.46,4251.28,4285.64,4309.23,4339.49,4766.15,4469.23,2
4343.59,3927.18,4258.46,4065.13,4325.64,4607.18,4102.56,4654.36,4245.64,4280.51,4304.1,4333.33,4760.51,4461.54,2
4345.13,3926.15,4262.05,4072.31,4331.28,4610.77,4107.18,4651.28,4248.72,4286.67,4303.08,4335.9,4760.0,4463.59,2
4348.72,3926.15,4256.41,4075.38,4322.56,4604.1,4107.69,4650.26,4248.72,4284.62,4298.97,4332.82,4752.31,4460.51,2
4340.51,3921.54,4253.85,4064.62,4313.33,4596.92,4105.13,4646.67,4239.49,4275.38,4290.26,4326.67,4745.13,4453.85,2
4331.28,3914.87,4255.38,4061.03,4316.41,4598.97,4103.08,4644.1,4230.77,4269.23,4284.62,4328.72,4738.97,4450.26,2
4327.69,3911.79,4248.21,4065.13,4321.54,4606.15,4103.08,4650.26,4243.59,4271.79,4287.18,4329.74,4735.9,4446.67,2
4322.56,3910.26,4243.08,4062.56,4319.49,4607.18,4104.1,4660.51,4262.56,4282.05,4292.31,4327.18,4743.59,4442.56,2
4315.9,3907.69,4246.15,4058.46,4317.44,4603.08,4103.08,4661.54,4257.44,4287.18,4291.79,4328.72,4744.62,4439.49,2
4312.82,3906.15,4247.18,4058.97,4316.41,4602.56,4101.03,4649.23,4238.46,4278.46,4286.67,4328.21,4733.33,4437.44,2
4312.31,3908.21,4249.23,4059.49,4313.85,4603.59,4097.95,4639.49,4231.28,4267.69,4284.1,4323.08,4728.72,4434.87,2
4313.85,3908.21,4251.79,4058.97,4314.87,4603.59,4101.03,4648.72,4243.08,4268.72,4281.54,4322.56,4730.26,4433.85,2
4316.41,3905.64,4249.23,4058.46,4318.97,4603.08,4106.15,4656.92,4249.23,4276.92,4281.03,4323.59,4728.72,4433.33,2
4317.95,3912.82,4248.21,4062.56,4322.56,4603.08,4101.54,4648.21,4241.03,4275.9,4284.1,4318.97,4729.23,4435.38,2
4318.46,3917.95,4250.26,4065.64,4323.08,4604.62,4098.46,4650.26,4240.51,4270.77,4280.0,4313.85,4730.26,4432.82,2
4316.92,3908.72,4253.33,4062.56,4324.62,4605.64,4105.13,4657.44,4244.1,4269.23,4270.77,4316.92,4722.05,4427.18,2
4317.95,3913.33,4253.33,4067.18,4328.21,4606.67,4105.64,4647.18,4234.87,4266.15,4270.77,4322.05,4712.82,4425.64,2
4321.03,3934.36,4250.77,4075.9,4325.64,4607.18,4097.95,4637.95,4227.18,4262.56,4271.28,4321.54,4707.69,4422.05,2
4317.44,3938.46,4248.72,4072.82,4322.05,4607.18,4098.46,4645.64,4234.87,4256.41,4256.92,4316.92,4694.36,4409.23,2
4308.21,3933.33,4249.23,4071.79,4324.62,4606.15,4102.56,4650.26,4237.95,4252.82,4250.26,4309.23,4679.49,4399.49,2
4309.74,3943.08,4251.28,4083.59,4329.74,4603.08,4097.95,4643.08,4236.92,4258.46,4258.46,4304.1,4680.0,4403.08,2
4313.33,3950.26,4249.74,4084.62,4327.69,4601.03,4092.82,4636.92,4234.87,4261.03,4257.95,4304.62,4685.64,4397.95,2
4301.03,3937.95,4243.59,4074.36,4324.1,4602.56,4092.82,4631.79,4223.08,4248.21,4246.15,4302.56,4676.92,4383.59,2
4287.18,3926.15,4241.03,4071.79,4328.21,4602.56,4089.74,4626.67,4212.31,4235.9,4238.46,4297.95,4666.15,4382.56,2
4288.72,3929.23,4245.64,4075.9,4331.79,4603.08,4087.18,4629.74,4222.05,4238.46,4239.49,4299.49,4666.15,4386.67,2
4298.46,3938.97,4245.64,4080.51,4331.28,4606.67,4095.38,4638.46,4231.28,4245.13,4242.56,4304.1,4669.23,4383.59,2
4297.95,3940.51,4237.44,4080.51,4328.21,4606.67,4103.08,4639.49,4221.03,4242.05,4237.95,4300.0,4665.64,4375.38,2
4289.74,3936.92,4236.41,4073.33,4326.15,4604.62,4100.51,4637.95,4215.9,4235.38,4232.31,4295.38,4657.95,4372.82,2
4294.87,3940.51,4244.62,4075.9,4333.85,4607.69,4097.95,4639.49,4223.08,4242.56,4244.62,4303.08,4664.1,4387.18,2
4307.69,3947.18,4249.74,4088.21,4337.95,4609.74,4094.87,4638.46,4229.23,4257.44,4260.0,4313.33,4682.56,4398.46,2
4303.08,3942.05,4246.15,4087.18,4330.26,4605.64,4090.26,4639.49,4233.85,4263.59,4258.46,4309.74,4686.15,4389.74,2
4292.31,3933.33,4239.49,4075.9,4323.59,4602.56,4088.72,4639.49,4227.69,4257.95,4251.79,4304.62,4672.31,4379.49,2
4292.31,3933.85,4239.49,4073.33,4326.67,4602.56,4089.23,4629.23,4211.28,4248.72,4251.28,4304.62,4667.18,4381.03,2
4292.31,3934.87,4243.08,4076.92,4331.79,4607.18,4089.23,4622.05,4209.23,4247.18,4252.82,4302.56,4675.9,4385.64,2
4291.79,3933.33,4243.59,4077.95,4332.82,4616.92,4094.87,4631.28,4226.67,4251.28,4252.82,4302.05,4677.95,4384.1,2
4290.26,3931.28,4236.92,4074.87,4328.72,4615.38,4095.38,4638.97,4230.26,4247.18,4243.08,4300.0,4665.13,4376.41,2
4285.64,3930.26,4232.31,4075.38,4328.21,4601.03,4086.15,4632.31,4219.49,4243.59,4235.9,4295.38,4659.49,4375.38,2
4289.74,3939.49,4238.46,4087.69,4336.41,4599.49,4083.59,4626.67,4218.97,4249.23,4247.69,4299.49,4670.26,4385.13,2
4301.54,3946.67,4248.72,4092.31,4335.9,4608.72,4089.23,4633.85,4225.64,4253.85,4255.9,4310.77,4675.9,4388.72,2
4298.46,3935.38,4250.26,4077.95,4324.62,4607.18,4092.82,4642.56,4226.67,4250.77,4247.18,4311.28,4665.13,4378.46,2
4284.62,3922.56,4238.46,4070.26,4316.41,4600.0,4088.72,4638.46,4222.56,4244.62,4235.38,4298.46,4654.36,4367.18,2
4280.0,3927.18,4230.77,4075.9,4314.87,4602.05,4085.13,4630.26,4220.0,4236.92,4229.74,4286.67,4650.77,4362.05,2
4283.59,3934.87,4235.38,4078.97,4321.54,4608.21,4094.36,4630.77,4219.49,4236.41,4230.26,4287.69,4651.28,4363.08,2
4284.1,3937.44,4245.64,4085.64,4330.77,4608.72,4105.13,4634.87,4223.08,4244.1,4236.41,4300.0,4656.92,4367.18,2
4287.18,3939.49,4250.26,4091.28,4331.79,4607.18,4102.56,4636.92,4228.72,4251.79,4241.54,4310.26,4664.62,4375.9,2
4291.28,3943.59,4248.21,4088.72,4330.77,4612.82,4103.59,4641.03,4228.72,4253.85,4245.64,4310.77,4668.72,4380.0,2
4287.18,3946.15,4247.69,4087.69,4333.85,4618.46,4113.33,4644.62,4226.67,4253.33,4252.31,4306.15,4667.69,4374.36,2
4284.1,3945.13,4247.69,4091.28,4332.82,4613.85,4108.72,4642.05,4227.69,4254.87,4250.26,4302.05,4667.69,4369.23,2
4291.28,3946.67,4247.18,4093.85,4330.26,4609.23,4100.51,4639.49,4230.26,4254.36,4244.1,4302.56,4667.18,4372.82,2
4289.74,3947.18,4249.23,4094.36,4328.72,4608.21,4100.51,4638.97,4224.1,4252.82,4247.18,4309.23,4663.59,4374.36,2
4278.46,3941.54,4246.67,4086.15,4321.54,4603.08,4094.87,4632.82,4212.82,4244.62,4241.54,4307.18,4654.87,4363.08,2
4275.38,3937.95,4237.44,4079.49,4316.92,4599.49,4091.28,4627.18,4214.87,4233.85,4224.1,4292.82,4643.59,4354.87,2
4279.49,3937.95,4237.95,4086.15,4323.08,4602.05,4096.92,4631.79,4224.1,4231.28,4220.51,4288.72,4643.08,4357.95,2
4280.51,3939.49,4247.69,4089.74,4327.18,4608.21,4100.0,4637.95,4222.05,4232.82,4229.74,4295.9,4647.18,4358.97,2
4280.0,3941.03,4248.21,4085.13,4324.62,4612.82,4096.92,4634.87,4218.97,4237.95,4232.82,4296.92,4648.21,4358.46,2
4284.1,3942.05,4246.15,4085.64,4326.67,4612.82,4097.95,4631.79,4223.59,4248.72,4238.46,4298.46,4653.85,4369.23,2
4286.15,3936.92,4249.74,4087.69,4327.18,4609.23,4101.03,4631.79,4226.67,4253.85,4245.64,4306.67,4660.0,4371.79,2
4278.46,3932.82,4249.23,4086.15,4324.1,4607.69,4103.08,4634.87,4229.23,4246.67,4242.05,4307.18,4652.82,4358.97,2
4272.82,3933.85,4244.62,4085.64,4326.67,4611.28,4106.15,4640.0,4229.23,4241.54,4232.82,4299.49,4642.05,4353.33,2
4277.95,3933.33,4245.64,4085.13,4330.26,4616.41,4107.69,4643.08,4227.69,4244.62,4233.33,4298.97,4642.05,4359.49,2
4280.51,3935.38,4248.21,4086.67,4329.74,4617.44,4107.69,4646.15,4237.95,4250.77,4238.97,4303.59,4649.74,4364.62,2
4276.92,3940.0,4247.69,4088.72,4331.79,4616.41,4106.15,4646.67,4243.59,4251.28,4239.49,4303.08,4654.36,4365.13,2
4283.59,3944.62,4248.72,4093.85,4332.31,4613.33,4098.46,4633.85,4221.54,4245.64,4237.44,4303.08,4651.28,4365.64,2
4292.31,3951.28,4255.9,4101.54,4329.23,4610.26,4091.28,4622.05,4205.64,4243.08,4241.54,4309.74,4653.33,4370.26,2
4290.26,3954.36,4257.44,4102.05,4330.26,4610.26,4095.9,4625.64,4216.41,4241.03,4243.59,4311.28,4657.44,4371.79,2
4285.64,3945.13,4249.23,4092.31,4330.26,4610.26,4104.62,4638.46,4223.08,4236.92,4231.79,4303.08,4648.72,4363.59,2
4284.1,3937.44,4245.64,4089.74,4330.26,4613.33,4105.64,4644.62,4218.46,4236.92,4221.54,4299.49,4636.92,4358.46,2
4282.56,3937.44,4249.23,4091.79,4329.23,4618.46,4103.08,4638.97,4220.0,4235.38,4223.08,4301.54,4631.79,4360.0,2
4284.62,3944.62,4253.33,4093.85,4326.15,4615.9,4103.59,4632.31,4224.62,4233.33,4224.1,4301.54,4630.77,4363.59,2
4297.44,3956.92,4258.97,4103.59,4331.28,4614.87,4103.08,4633.33,4223.08,4238.46,4226.15,4305.13,4640.51,4376.41,2
4312.31,3962.05,4262.56,4108.21,4339.49,4621.54,4103.59,4637.95,4221.54,4243.08,4234.87,4312.82,4655.38,4392.82,2
4324.62,3966.15,4268.72,4104.62,4338.97,4620.51,4102.56,4641.54,4223.08,4242.56,4244.1,4317.95,4663.08,4405.64,2
4338.46,3975.9,4280.0,4112.82,4336.41,4614.87,4098.97,4643.59,4221.03,4247.18,4253.85,4325.13,4672.31,4416.41,2
4344.1,3975.9,4283.08,4121.03,4333.85,4615.38,4101.54,4634.36,4213.85,4249.23,4258.97,4331.28,4678.97,4418.46,2
4341.54,3970.77,4278.97,4113.33,4329.74,4613.85,4103.59,4627.18,4216.41,4243.08,4253.85,4328.21,4672.31,4416.92,2
4344.62,3980.0,4278.97,4110.26,4328.72,4611.79,4095.38,4633.33,4224.1,4237.95,4245.13,4325.13,4669.74,4423.59,2
4355.38,3984.62,4279.49,4115.9,4329.23,4614.36,4089.23,4634.36,4216.92,4235.38,4246.15,4325.13,4675.9,4429.74,2
4358.46,3977.95,4278.46,4114.87,4328.72,4617.44,4094.36,4623.59,4209.74,4234.36,4247.69,4320.0,4671.79,4424.62,2
4356.41,3983.59,4280.51,4115.38,4333.85,4616.92,4096.92,4622.56,4217.44,4236.41,4243.59,4314.36,4665.64,4422.05,2
4365.13,3994.87,4290.26,4130.77,4335.9,4609.74,4096.41,4628.72,4216.41,4233.85,4247.69,4322.05,4670.77,4432.31,2
4372.31,3993.33,4297.95,4135.38,4330.77,4602.05,4100.51,4626.67,4197.95,4227.18,4252.31,4331.79,4673.33,4438.46,2
4367.69,3987.18,4290.26,4125.13,4330.77,4607.69,4106.15,4621.54,4191.79,4223.59,4244.1,4330.26,4667.18,4432.82,2
4362.05,3986.67,4281.03,4120.51,4337.95,4617.95,4106.15,4622.56,4204.62,4222.56,4235.9,4321.54,4663.59,4425.13,2
4356.92,3978.97,4276.92,4114.87,4332.31,4619.49,4104.1,4626.67,4212.82,4222.56,4239.49,4315.9,4663.59,4418.46,2
4351.79,3970.26,4265.64,4104.1,4324.62,4616.41,4102.56,4627.69,4210.77,4228.72,4240.51,4315.38,4666.67,4420.0,2
4356.92,3979.49,4266.15,4108.72,4335.38,4617.95,4100.0,4627.69,4211.79,4232.31,4240.0,4320.51,4669.74,4428.21,2
4365.13,3988.21,4278.97,4120.51,4344.62,4623.59,4101.54,4628.21,4213.85,4230.77,4244.62,4325.64,4667.18,4430.77,2
4362.56,3983.08,4273.33,4115.38,4336.41,4624.62,4104.62,4627.18,4212.82,4233.85,4245.13,4324.62,4663.08,4421.03,2
4358.46,3978.97,4268.21,4104.62,4330.26,4615.9,4103.08,4623.08,4205.13,4235.9,4244.62,4322.05,4663.08,4411.79,2
4363.08,3981.03,4276.92,4106.67,4333.85,4608.21,4097.44,4614.36,4194.36,4230.26,4247.69,4323.59,4667.18,4418.46,2
4366.67,3981.54,4274.36,4112.82,4334.87,4612.82,4093.85,4608.72,4192.82,4226.67,4247.18,4318.97,4671.28,4426.67,2
4355.38,3976.41,4261.03,4105.64,4330.26,4620.0,4097.95,4611.79,4196.92,4226.67,4235.9,4305.13,4663.08,4412.31,2
4338.97,3966.67,4251.79,4090.26,4326.15,4624.62,4102.05,4614.36,4195.9,4221.03,4224.1,4296.92,4648.72,4394.87,2
4337.44,3962.56,4249.23,4087.69,4325.64,4628.72,4104.62,4618.97,4202.05,4218.97,4225.64,4298.46,4647.18,4398.46,2
4344.1,3969.23,4257.44,4094.87,4330.26,4626.15,4105.13,4628.72,4217.95,4228.72,4234.36,4304.1,4653.33,4405.64,2
4345.13,3976.41,4264.62,4099.49,4333.33,4621.54,4101.54,4629.74,4219.49,4233.33,4238.46,4308.72,4653.85,4408.21,2
4350.26,3980.0,4264.1,4104.1,4335.38,4624.1,4098.97,4618.97,4208.21,4232.82,4242.05,4311.79,4656.92,4415.38,2
4354.36,3982.56,4266.15,4108.21,4337.44,4625.13,4100.51,4614.36,4209.23,4240.51,4248.72,4314.36,4665.64,4418.46,2
4347.18,3975.38,4266.67,4102.56,4333.33,4617.95,4097.44,4612.82,4210.77,4240.51,4248.21,4313.33,4664.1,4411.79,2
4343.08,3969.74,4263.08,4093.85,4326.15,4614.36,4091.79,4611.79,4204.62,4229.23,4240.51,4312.82,4654.87,4407.18,2
4347.18,3973.85,4264.1,4092.82,4324.62,4616.92,4095.9,4623.08,4209.74,4230.77,4236.92,4314.87,4652.31,4409.23,2
4346.67,3972.82,4265.13,4095.38,4327.69,4618.97,4104.1,4632.82,4215.9,4236.41,4238.46,4312.82,4653.85,4407.18,2
4343.59,3971.79,4265.13,4092.31,4326.67,4618.97,4100.0,4626.15,4205.64,4227.69,4238.46,4309.74,4654.36,4403.08,2
4343.08,3973.85,4265.64,4092.31,4323.59,4615.38,4093.85,4622.05,4198.97,4221.03,4236.41,4309.74,4652.31,4407.18,2
4344.1,3972.82,4265.13,4098.46,4326.67,4615.38,4097.95,4629.74,4207.69,4226.67,4235.9,4311.79,4647.69,4409.23,2
4344.1,3973.33,4264.1,4100.51,4334.87,4620.51,4103.08,4631.28,4207.18,4232.82,4237.95,4314.36,4650.77,4407.69,2
